Image_Name,License_Plate
frame_0000_plate.jpg,HKSU
frame_0001_plate.jpg,HIISU
frame_0002_plate.jpg,51502J
frame_0003_plate.jpg,0SCJ
frame_0004_plate.jpg,04ISOCJ
frame_0005_plate.jpg,GUSOCJ
frame_0006_plate.jpg,GL5OG
frame_0007_plate.jpg,WESU
frame_0008_plate.jpg,MTI
frame_0009_plate.jpg,WISISU
frame_0010_plate.jpg,WHSU
frame_0011_plate.jpg,WIHSU
frame_0012_plate.jpg,WISU
frame_0013_plate.jpg,LEM
frame_0014_plate.jpg,DU
frame_0015_plate.jpg,MHIUSU
frame_0016_plate.jpg,HTJU
frame_0017_plate.jpg,LHV
frame_0018_plate.jpg,LM
frame_0019_plate.jpg,LIS
frame_0020_plate.jpg,NOTEXTDETECTED
frame_0021_plate.jpg,G450G4
frame_0022_plate.jpg,IGUSOGJ
frame_0023_plate.jpg,LHM
frame_0024_plate.jpg,6450G4
frame_0025_plate.jpg,WUSISU
frame_0026_plate.jpg,645034
frame_0027_plate.jpg,NOTEXTDETECTED
frame_0028_plate.jpg,G450G4
frame_0029_plate.jpg,6450GJ
frame_0030_plate.jpg,WUSIVSU
frame_0031_plate.jpg,MSLSU
frame_0032_plate.jpg,SU
frame_0033_plate.jpg,6450GJ
frame_0034_plate.jpg,GXISOC
frame_0035_plate.jpg,G4U50J
frame_0036_plate.jpg,545OCJ
frame_0037_plate.jpg,645CJ
frame_0038_plate.jpg,16450G4
frame_0039_plate.jpg,G450GU
frame_0040_plate.jpg,G450CJ
frame_0041_plate.jpg,NSISU
frame_0042_plate.jpg,WSIUSU
frame_0043_plate.jpg,WSISU
frame_0044_plate.jpg,WISISU
frame_0045_plate.jpg,HSIVSU
frame_0046_plate.jpg,NOTEXTDETECTED
frame_0047_plate.jpg,H7SIUSU
frame_0048_plate.jpg,NOTEXTDETECTED
frame_0049_plate.jpg,NOTEXTDETECTED
frame_0050_plate.jpg,NOTEXTDETECTED
frame_0051_plate.jpg,NOTEXTDETECTED
frame_0052_plate.jpg,NOTEXTDETECTED
frame_0053_plate.jpg,NOTEXTDETECTED
frame_0054_plate.jpg,NOTEXTDETECTED
frame_0055_plate.jpg,NOTEXTDETECTED
frame_0056_plate.jpg,NOTEXTDETECTED
frame_0057_plate.jpg,NOTEXTDETECTED
frame_0058_plate.jpg,NOTEXTDETECTED
frame_0059_plate.jpg,NOTEXTDETECTED
frame_0060_plate.jpg,NOTEXTDETECTED
frame_0061_plate.jpg,NOTEXTDETECTED
frame_0062_plate.jpg,NOTEXTDETECTED
frame_0063_plate.jpg,NOTEXTDETECTED
frame_0064_plate.jpg,NOTEXTDETECTED
frame_0065_plate.jpg,NOTEXTDETECTED
frame_0066_plate.jpg,NOTEXTDETECTED
frame_0067_plate.jpg,NOTEXTDETECTED
frame_0068_plate.jpg,NOTEXTDETECTED
frame_0069_plate.jpg,NOTEXTDETECTED
frame_0070_plate.jpg,NOTEXTDETECTED
frame_0071_plate.jpg,NOTEXTDETECTED
frame_0072_plate.jpg,NOTEXTDETECTED
frame_0073_plate.jpg,NOTEXTDETECTED
frame_0074_plate.jpg,NOTEXTDETECTED
frame_0075_plate.jpg,NOTEXTDETECTED
frame_0076_plate.jpg,NOTEXTDETECTED
frame_0077_plate.jpg,NOTEXTDETECTED
frame_0078_plate.jpg,NOTEXTDETECTED
frame_0079_plate.jpg,NOTEXTDETECTED
frame_0080_plate.jpg,NOTEXTDETECTED
frame_0081_plate.jpg,NOTEXTDETECTED
frame_0082_plate.jpg,NOTEXTDETECTED
frame_0084_plate.jpg,NOTEXTDETECTED
frame_0083_plate.jpg,NOTEXTDETECTED
frame_0085_plate.jpg,NOTEXTDETECTED
frame_0086_plate.jpg,NOTEXTDETECTED
frame_0087_plate.jpg,NOTEXTDETECTED
frame_0088_plate.jpg,NOTEXTDETECTED
frame_0089_plate.jpg,NOTEXTDETECTED
frame_0090_plate.jpg,NOTEXTDETECTED
frame_0091_plate.jpg,NOTEXTDETECTED
frame_0092_plate.jpg,NOTEXTDETECTED
frame_0093_plate.jpg,NOTEXTDETECTED
frame_0094_plate.jpg,NOTEXTDETECTED
frame_0095_plate.jpg,NOTEXTDETECTED
frame_0096_plate.jpg,NOTEXTDETECTED
frame_0097_plate.jpg,NOTEXTDETECTED
frame_0098_plate.jpg,NOTEXTDETECTED
frame_0099_plate.jpg,NOTEXTDETECTED
frame_0100_plate.jpg,NOTEXTDETECTED
frame_0101_plate.jpg,NOTEXTDETECTED
frame_0102_plate.jpg,NOTEXTDETECTED
frame_0103_plate.jpg,NOTEXTDETECTED
frame_0104_plate.jpg,NOTEXTDETECTED
frame_0105_plate.jpg,NOTEXTDETECTED
frame_0106_plate.jpg,NOTEXTDETECTED
frame_0107_plate.jpg,NOTEXTDETECTED
frame_0108_plate.jpg,NOTEXTDETECTED
frame_0109_plate.jpg,NOTEXTDETECTED
frame_0110_plate.jpg,D
frame_0111_plate.jpg,NOTEXTDETECTED
frame_0112_plate.jpg,NOTEXTDETECTED
frame_0113_plate.jpg,NOTEXTDETECTED
frame_0114_plate.jpg,NOTEXTDETECTED
frame_0115_plate.jpg,NOTEXTDETECTED
frame_0116_plate.jpg,NOTEXTDETECTED
frame_0117_plate.jpg,NOTEXTDETECTED
frame_0118_plate.jpg,NOTEXTDETECTED
frame_0119_plate.jpg,NOTEXTDETECTED
frame_0120_plate.jpg,NOTEXTDETECTED
frame_0121_plate.jpg,NOTEXTDETECTED
frame_0122_plate.jpg,NOTEXTDETECTED
frame_0123_plate.jpg,NOTEXTDETECTED
frame_0124_plate.jpg,NOTEXTDETECTED
frame_0125_plate.jpg,NOTEXTDETECTED
frame_0126_plate.jpg,NOTEXTDETECTED
frame_0127_plate.jpg,NOTEXTDETECTED
frame_0128_plate.jpg,NOTEXTDETECTED
frame_0129_plate.jpg,NOTEXTDETECTED
frame_0130_plate.jpg,NOTEXTDETECTED
frame_0131_plate.jpg,NOTEXTDETECTED
frame_0132_plate.jpg,NOTEXTDETECTED
frame_0133_plate.jpg,NOTEXTDETECTED
frame_0134_plate.jpg,NOTEXTDETECTED
frame_0135_plate.jpg,NOTEXTDETECTED
frame_0136_plate.jpg,NOTEXTDETECTED
frame_0137_plate.jpg,NOTEXTDETECTED
frame_0138_plate.jpg,F4OS
frame_0139_plate.jpg,NOTEXTDETECTED
frame_0140_plate.jpg,NOTEXTDETECTED
frame_0141_plate.jpg,NOTEXTDETECTED
frame_0142_plate.jpg,NOTEXTDETECTED
frame_0143_plate.jpg,NOTEXTDETECTED
frame_0144_plate.jpg,NOTEXTDETECTED
frame_0145_plate.jpg,NOTEXTDETECTED
frame_0146_plate.jpg,NOTEXTDETECTED
frame_0147_plate.jpg,NOTEXTDETECTED
frame_0148_plate.jpg,NOTEXTDETECTED
frame_0149_plate.jpg,NOTEXTDETECTED
frame_0150_plate.jpg,NOTEXTDETECTED
frame_0151_plate.jpg,NOTEXTDETECTED
frame_0152_plate.jpg,NOTEXTDETECTED
frame_0153_plate.jpg,NOTEXTDETECTED
frame_0154_plate.jpg,NOTEXTDETECTED
frame_0155_plate.jpg,NOTEXTDETECTED
frame_0156_plate.jpg,NOTEXTDETECTED
frame_0157_plate.jpg,NOTEXTDETECTED
frame_0158_plate.jpg,KRO5
frame_0159_plate.jpg,KKS
frame_0160_plate.jpg,KHOSZ
frame_0161_plate.jpg,COS
frame_0162_plate.jpg,KHOSZ
frame_0163_plate.jpg,KUE
frame_0164_plate.jpg,NOTEXTDETECTED
frame_0165_plate.jpg,NOTEXTDETECTED
frame_0166_plate.jpg,NOTEXTDETECTED
frame_0167_plate.jpg,NOTEXTDETECTED
frame_0168_plate.jpg,NOTEXTDETECTED
frame_0169_plate.jpg,NOTEXTDETECTED
frame_0170_plate.jpg,NOTEXTDETECTED
frame_0171_plate.jpg,NOTEXTDETECTED
frame_0172_plate.jpg,IHO5
frame_0173_plate.jpg,DHOS
frame_0174_plate.jpg,NOTEXTDETECTED
frame_0175_plate.jpg,KKHOS
frame_0176_plate.jpg,LO52
frame_0177_plate.jpg,LOEZ
frame_0178_plate.jpg,NOTEXTDETECTED
frame_0179_plate.jpg,AHOS
frame_0180_plate.jpg,0521
frame_0181_plate.jpg,0527
frame_0182_plate.jpg,KHOS2
frame_0183_plate.jpg,HSN
frame_0184_plate.jpg,KHOS2ZK
frame_0185_plate.jpg,KHOS21K
frame_0186_plate.jpg,KHOSZIK
frame_0187_plate.jpg,KHOSZZ
frame_0188_plate.jpg,KH527
frame_0189_plate.jpg,KHOSZZK
frame_0190_plate.jpg,KHOSZZK
frame_0191_plate.jpg,KHOSZZK
frame_0192_plate.jpg,HA
frame_0193_plate.jpg,KHOSZZK
frame_0194_plate.jpg,LDSZK
frame_0195_plate.jpg,KHOSZ7
frame_0196_plate.jpg,KHOSZIK
frame_0197_plate.jpg,KHOSZZK
frame_0198_plate.jpg,NOTEXTDETECTED
frame_0199_plate.jpg,KLDS
frame_0200_plate.jpg,APOSJEQ
frame_0201_plate.jpg,KAPOSUEOE
frame_0202_plate.jpg,APO5JEO
frame_0203_plate.jpg,LPO5
frame_0204_plate.jpg,APOSJEO
frame_0205_plate.jpg,APO5JEO
frame_0206_plate.jpg,APOSEQ
frame_0207_plate.jpg,APOSJEQ
frame_0208_plate.jpg,LAPOSJEO
frame_0209_plate.jpg,LAPOSJEO
frame_0210_plate.jpg,LAPOSJEO
frame_0211_plate.jpg,APOSEO
frame_0212_plate.jpg,NOTEXTDETECTED
frame_0213_plate.jpg,NOTEXTDETECTED
frame_0214_plate.jpg,NOTEXTDETECTED
frame_0215_plate.jpg,NE
frame_0216_plate.jpg,VROZE
frame_0217_plate.jpg,VMZED
frame_0218_plate.jpg,LROZF
frame_0219_plate.jpg,LADZFKO
frame_0220_plate.jpg,LROZFKO
frame_0221_plate.jpg,VROFKD
frame_0222_plate.jpg,LOZEKD
frame_0223_plate.jpg,NOTEXTDETECTED
frame_0224_plate.jpg,NOTEXTDETECTED
frame_0225_plate.jpg,JOZD
frame_0226_plate.jpg,NOTEXTDETECTED
frame_0227_plate.jpg,NOTEXTDETECTED
frame_0228_plate.jpg,NOTEXTDETECTED
frame_0229_plate.jpg,NOTEXTDETECTED
frame_0230_plate.jpg,HHL
frame_0231_plate.jpg,LROZED
frame_0232_plate.jpg,LAQZFKD
frame_0233_plate.jpg,CROZFKD
frame_0234_plate.jpg,UNOZFKD
frame_0235_plate.jpg,LID
frame_0236_plate.jpg,LROZFKO
frame_0237_plate.jpg,LROZFKO
frame_0238_plate.jpg,LROZFKD
frame_0239_plate.jpg,LROZFKO
frame_0240_plate.jpg,E
frame_0241_plate.jpg,NOTEXTDETECTED
frame_0242_plate.jpg,NOTEXTDETECTED
frame_0243_plate.jpg,NOTEXTDETECTED
frame_0244_plate.jpg,NOTEXTDETECTED
frame_0245_plate.jpg,NOTEXTDETECTED
frame_0246_plate.jpg,TETGINB
frame_0247_plate.jpg,NOTEXTDETECTED
frame_0248_plate.jpg,NOTEXTDETECTED
frame_0249_plate.jpg,DGLD
frame_0250_plate.jpg,WRQZFKD
frame_0251_plate.jpg,LGKD
frame_0252_plate.jpg,LTETDQ
frame_0253_plate.jpg,LEXEINQ
frame_0254_plate.jpg,EGKDD
frame_0255_plate.jpg,ETINDD
frame_0256_plate.jpg,LKD
frame_0257_plate.jpg,LWD
frame_0258_plate.jpg,IKBD
frame_0259_plate.jpg,EIKBD
frame_0260_plate.jpg,EIBQ
frame_0261_plate.jpg,LKKDD
frame_0262_plate.jpg,LVEKDD
frame_0263_plate.jpg,NOTEXTDETECTED
frame_0264_plate.jpg,LEIKED
frame_0265_plate.jpg,LEKEQ
frame_0266_plate.jpg,ITKBD
frame_0267_plate.jpg,HELELKEG
frame_0268_plate.jpg,EIKED
frame_0269_plate.jpg,EKDD
frame_0270_plate.jpg,HEXSLNBG
frame_0271_plate.jpg,EDQ
frame_0272_plate.jpg,EIDD
frame_0273_plate.jpg,EEIBO
frame_0274_plate.jpg,JEIKDD
frame_0275_plate.jpg,HEEIDD
frame_0276_plate.jpg,HEXEINBD
frame_0277_plate.jpg,EEKBD
frame_0278_plate.jpg,HEXELNBQ
frame_0279_plate.jpg,EGINBD
frame_0280_plate.jpg,LEEIRNBD
frame_0281_plate.jpg,LETEINBQ
frame_0282_plate.jpg,LEEINBD
frame_0283_plate.jpg,HEXEINBG
frame_0284_plate.jpg,LEXSINEQ
frame_0285_plate.jpg,EXEINEQ
frame_0286_plate.jpg,EXEINBQ
frame_0287_plate.jpg,EXEINED
frame_0288_plate.jpg,HEXEIED
frame_0289_plate.jpg,JEXEIKDD
frame_0290_plate.jpg,JEXEINBD
frame_0291_plate.jpg,EXEB
frame_0292_plate.jpg,EYGIND
frame_0293_plate.jpg,EEWEINBD
frame_0294_plate.jpg,JEXENBQ
frame_0295_plate.jpg,JEXEKEQ
frame_0296_plate.jpg,ETENQ
frame_0297_plate.jpg,LEXEBG
frame_0298_plate.jpg,LEXEKKIBD
frame_0299_plate.jpg,LLEINDQ
frame_0300_plate.jpg,LEXELKEQ
frame_0301_plate.jpg,ELEIEQ
frame_0302_plate.jpg,LEXGLNBQ
frame_0303_plate.jpg,LETECDQ
frame_0304_plate.jpg,EXEUNBG
frame_0305_plate.jpg,EXEIBQ
frame_0306_plate.jpg,EEINBQ
frame_0307_plate.jpg,JEXEINEQ
frame_0308_plate.jpg,JELEIDQ
frame_0309_plate.jpg,EXEKWQ
frame_0310_plate.jpg,ETBINBD
frame_0311_plate.jpg,EEINBQ
frame_0312_plate.jpg,ETINDQ
frame_0313_plate.jpg,EEIKBQ
frame_0314_plate.jpg,LEXEINDQ
frame_0315_plate.jpg,ELEINBQ
frame_0316_plate.jpg,LEXEINEG
frame_0317_plate.jpg,IEXSINBQ
frame_0318_plate.jpg,EXEIINEQ
frame_0319_plate.jpg,EEINDQ
frame_0320_plate.jpg,LEXSICNEQ
frame_0321_plate.jpg,LEXELNDG
frame_0322_plate.jpg,EMSINBQ
frame_0323_plate.jpg,LELEINDD
frame_0324_plate.jpg,EEEIND
frame_0325_plate.jpg,HEYEIKDG
frame_0326_plate.jpg,LEXSINBQ
frame_0327_plate.jpg,LEVELNBG
frame_0328_plate.jpg,EEINBQ
frame_0329_plate.jpg,EEIKDD
frame_0330_plate.jpg,LEXGINBD
frame_0331_plate.jpg,LEYEUNBG
frame_0332_plate.jpg,LEYEINBG
frame_0333_plate.jpg,EENDG
frame_0334_plate.jpg,EXSINDQ
frame_0335_plate.jpg,EEXEINDG
frame_0336_plate.jpg,EXEINBG
frame_0337_plate.jpg,EEYSINBG
frame_0338_plate.jpg,EEXEIINBG
frame_0339_plate.jpg,EEINBQ
frame_0340_plate.jpg,LEYEINBQ
frame_0341_plate.jpg,LEXEINBG
frame_0342_plate.jpg,EVSINBG
frame_0343_plate.jpg,EEGINBG
frame_0344_plate.jpg,LELEINBG
frame_0345_plate.jpg,LEYGINBG
frame_0346_plate.jpg,LEYEINBG
frame_0347_plate.jpg,LEXGINBG
frame_0348_plate.jpg,LEYEINBG
frame_0349_plate.jpg,LEYGLNBG
frame_0350_plate.jpg,LEXGLLNBG
frame_0351_plate.jpg,LEEINBG
frame_0352_plate.jpg,LEEINBQ
frame_0353_plate.jpg,LEYEINBG
frame_0354_plate.jpg,NOTEXTDETECTED
frame_0355_plate.jpg,NOTEXTDETECTED
frame_0356_plate.jpg,HA
frame_0357_plate.jpg,ECNNNN
frame_0358_plate.jpg,AVDEHV
frame_0359_plate.jpg,4VO8HMF
frame_0360_plate.jpg,LVQBHUE
frame_0361_plate.jpg,LVPBHVE
frame_0362_plate.jpg,LQBHVE
frame_0363_plate.jpg,HNII
frame_0364_plate.jpg,LPBHHVE
frame_0365_plate.jpg,LPBHVE
frame_0366_plate.jpg,HNMAI
frame_0367_plate.jpg,LPBHHVE
frame_0368_plate.jpg,NOTEXTDETECTED
frame_0369_plate.jpg,NOTEXTDETECTED
frame_0370_plate.jpg,HC
frame_0371_plate.jpg,NOTEXTDETECTED
frame_0372_plate.jpg,NOTEXTDETECTED
frame_0373_plate.jpg,NOTEXTDETECTED
frame_0374_plate.jpg,NOTEXTDETECTED
frame_0375_plate.jpg,NOTEXTDETECTED
frame_0376_plate.jpg,NOTEXTDETECTED
frame_0377_plate.jpg,NOTEXTDETECTED
frame_0378_plate.jpg,NOTEXTDETECTED
frame_0379_plate.jpg,NOTEXTDETECTED
frame_0380_plate.jpg,NOTEXTDETECTED
frame_0381_plate.jpg,HHL
frame_0382_plate.jpg,L
frame_0383_plate.jpg,M
frame_0384_plate.jpg,KACH
frame_0385_plate.jpg,NOTEXTDETECTED
frame_0386_plate.jpg,NOTEXTDETECTED
frame_0387_plate.jpg,NOTEXTDETECTED
frame_0388_plate.jpg,NOTEXTDETECTED
frame_0389_plate.jpg,NOTEXTDETECTED
frame_0390_plate.jpg,G6SUS
frame_0391_plate.jpg,NOTEXTDETECTED
frame_0392_plate.jpg,BC65
frame_0393_plate.jpg,GESSU
frame_0394_plate.jpg,PGSSUU5
frame_0395_plate.jpg,0Q65U5
frame_0396_plate.jpg,GESU5
frame_0397_plate.jpg,GESUU5
frame_0398_plate.jpg,PGESUB
frame_0399_plate.jpg,IEC55US
frame_0400_plate.jpg,BCESVS
frame_0401_plate.jpg,BCESVS
frame_0402_plate.jpg,0C6BU5
frame_0403_plate.jpg,0CBSUS
frame_0404_plate.jpg,COBSUS
frame_0405_plate.jpg,DEE5U5
frame_0406_plate.jpg,DGBSU5
frame_0407_plate.jpg,0GESU5
frame_0408_plate.jpg,BGESUS
frame_0409_plate.jpg,GESUS
frame_0410_plate.jpg,0GEEU5
frame_0411_plate.jpg,PGE5U5
frame_0412_plate.jpg,BG65U5
frame_0413_plate.jpg,BG6SU5
frame_0414_plate.jpg,GEBU5
frame_0415_plate.jpg,PG6SUSJ
frame_0416_plate.jpg,MTQ
frame_0417_plate.jpg,0GESU5
frame_0418_plate.jpg,0GE5U5
frame_0419_plate.jpg,BGELSJ
frame_0420_plate.jpg,LBG65USJ
frame_0421_plate.jpg,BGESLSJ
frame_0422_plate.jpg,BGEEL
frame_0423_plate.jpg,PGESUS
frame_0424_plate.jpg,PG6SUS
frame_0425_plate.jpg,PG65S
frame_0426_plate.jpg,BG6SUSJ
frame_0427_plate.jpg,0GESU5
frame_0428_plate.jpg,PG6SUS
frame_0429_plate.jpg,PG6SUSJ
frame_0430_plate.jpg,G65USJ
frame_0431_plate.jpg,BGE5U5
frame_0432_plate.jpg,BC65USJ
frame_0433_plate.jpg,PG6SUU5
frame_0434_plate.jpg,PG6SUS
frame_0435_plate.jpg,PG65U5
frame_0436_plate.jpg,BG65USJ
frame_0437_plate.jpg,PG6SUSJ
frame_0438_plate.jpg,0G6SUS
frame_0439_plate.jpg,PGESUS
frame_0440_plate.jpg,0G65U5
frame_0441_plate.jpg,0GE5U5J
frame_0442_plate.jpg,0GE55
frame_0443_plate.jpg,0GE5U5
frame_0444_plate.jpg,BGE5UU5J
frame_0445_plate.jpg,BG6SUSJ
frame_0446_plate.jpg,PQBSUS
frame_0447_plate.jpg,G6SUSJ
frame_0448_plate.jpg,BGB5USJ
frame_0449_plate.jpg,PG6SUSJ
frame_0450_plate.jpg,JABANKY
frame_0451_plate.jpg,PBGESU5
frame_0452_plate.jpg,BG6SUSJ
frame_0453_plate.jpg,SHORDI
frame_0454_plate.jpg,NOTEXTDETECTED
frame_0455_plate.jpg,NOTEXTDETECTED
frame_0456_plate.jpg,NOTEXTDETECTED
frame_0457_plate.jpg,NOTEXTDETECTED
frame_0458_plate.jpg,NOTEXTDETECTED
frame_0459_plate.jpg,PGESU5U
frame_0460_plate.jpg,NOTEXTDETECTED
frame_0461_plate.jpg,NOTEXTDETECTED
frame_0462_plate.jpg,BGGSUSJ
frame_0463_plate.jpg,NOTEXTDETECTED
frame_0464_plate.jpg,NOTEXTDETECTED
frame_0465_plate.jpg,BGES4BJ
frame_0466_plate.jpg,NOTEXTDETECTED
frame_0467_plate.jpg,CESUS
frame_0468_plate.jpg,DOGSUS
frame_0469_plate.jpg,BG65USU
frame_0470_plate.jpg,0QE5U5
frame_0471_plate.jpg,BC6SUSJ
frame_0472_plate.jpg,0G65US
frame_0473_plate.jpg,NOTEXTDETECTED
frame_0474_plate.jpg,NOTEXTDETECTED
frame_0475_plate.jpg,NOTEXTDETECTED
frame_0476_plate.jpg,AB
frame_0477_plate.jpg,AB4D
frame_0478_plate.jpg,IKB
frame_0479_plate.jpg,UE4M
frame_0480_plate.jpg,UED
frame_0481_plate.jpg,LKB4DMD
frame_0482_plate.jpg,AK64M
frame_0483_plate.jpg,LB4T
frame_0484_plate.jpg,IB
frame_0485_plate.jpg,BID
frame_0486_plate.jpg,NETM
frame_0487_plate.jpg,M
frame_0488_plate.jpg,LKEW
frame_0489_plate.jpg,LKE
frame_0490_plate.jpg,4BM
frame_0491_plate.jpg,LBD
frame_0492_plate.jpg,LEE4D
frame_0493_plate.jpg,LKB4D
frame_0494_plate.jpg,LKB4DM
frame_0495_plate.jpg,B
frame_0496_plate.jpg,NOTEXTDETECTED
frame_0497_plate.jpg,4B
frame_0498_plate.jpg,NOTEXTDETECTED
frame_0499_plate.jpg,WEADM
frame_0500_plate.jpg,AKE4DM
frame_0501_plate.jpg,WB
frame_0502_plate.jpg,WBM
frame_0503_plate.jpg,LBMI
frame_0504_plate.jpg,IB4M
frame_0505_plate.jpg,WKEO
frame_0506_plate.jpg,NOTEXTDETECTED
frame_0507_plate.jpg,EAN
frame_0508_plate.jpg,W6D
frame_0509_plate.jpg,LH64DLD
frame_0510_plate.jpg,LB
frame_0511_plate.jpg,NOTEXTDETECTED
frame_0512_plate.jpg,LKE4DDD
frame_0513_plate.jpg,NOTEXTDETECTED
frame_0514_plate.jpg,TEI
frame_0515_plate.jpg,OEII
frame_0516_plate.jpg,LBADD
frame_0517_plate.jpg,LBAI
frame_0518_plate.jpg,LKB4DD
frame_0519_plate.jpg,LKB4DMD
frame_0520_plate.jpg,LBI
frame_0521_plate.jpg,LKGT
frame_0522_plate.jpg,NOTEXTDETECTED
frame_0523_plate.jpg,NOTEXTDETECTED
frame_0524_plate.jpg,PAD
frame_0525_plate.jpg,LEFIQ0Z
frame_0526_plate.jpg,LB4DM
frame_0527_plate.jpg,WBUU
frame_0528_plate.jpg,LBADD
frame_0529_plate.jpg,LKEADM
frame_0530_plate.jpg,LKE4ON
frame_0531_plate.jpg,LKB4D
frame_0532_plate.jpg,LKB4
frame_0533_plate.jpg,M
frame_0534_plate.jpg,FFLO0Z1
frame_0535_plate.jpg,ERIDO
frame_0536_plate.jpg,ENODZD
frame_0537_plate.jpg,ENPZI
frame_0538_plate.jpg,MDL
frame_0539_plate.jpg,TERIDZU
frame_0540_plate.jpg,LE
frame_0541_plate.jpg,LBIHI
frame_0542_plate.jpg,LKKBAH
frame_0543_plate.jpg,LKB4
frame_0544_plate.jpg,EKBAD
frame_0545_plate.jpg,EKBAQ
frame_0546_plate.jpg,LKBAD
frame_0547_plate.jpg,NOTEXTDETECTED
frame_0548_plate.jpg,LKB4PM
frame_0549_plate.jpg,NOTEXTDETECTED
frame_0550_plate.jpg,NOTEXTDETECTED
frame_0551_plate.jpg,NOTEXTDETECTED
frame_0552_plate.jpg,EDZU
frame_0553_plate.jpg,NOTEXTDETECTED
frame_0554_plate.jpg,FFDZ
frame_0555_plate.jpg,EAODZT
frame_0556_plate.jpg,NOTEXTDETECTED
frame_0557_plate.jpg,NOTEXTDETECTED
frame_0558_plate.jpg,NOTEXTDETECTED
frame_0559_plate.jpg,NOTEXTDETECTED
frame_0560_plate.jpg,L64
frame_0561_plate.jpg,NOTEXTDETECTED
frame_0562_plate.jpg,LKE4D
frame_0563_plate.jpg,LKKE4DHV
frame_0564_plate.jpg,EFLOOZL
frame_0565_plate.jpg,NOTEXTDETECTED
frame_0566_plate.jpg,NOTEXTDETECTED
frame_0567_plate.jpg,EAPZT
frame_0568_plate.jpg,EODZT
frame_0569_plate.jpg,LKEA
frame_0570_plate.jpg,LAK64DNV
frame_0571_plate.jpg,NOTEXTDETECTED
frame_0572_plate.jpg,NOTEXTDETECTED
frame_0573_plate.jpg,NOTEXTDETECTED
frame_0574_plate.jpg,AKB4DLM
frame_0575_plate.jpg,NOTEXTDETECTED
frame_0576_plate.jpg,NOTEXTDETECTED
frame_0577_plate.jpg,NOTEXTDETECTED
frame_0578_plate.jpg,NOTEXTDETECTED
frame_0579_plate.jpg,NOTEXTDETECTED
frame_0580_plate.jpg,NOTEXTDETECTED
frame_0581_plate.jpg,AK6ADLM
frame_0582_plate.jpg,NOTEXTDETECTED
frame_0583_plate.jpg,NOTEXTDETECTED
frame_0584_plate.jpg,NOTEXTDETECTED
frame_0585_plate.jpg,NOTEXTDETECTED
frame_0586_plate.jpg,NOTEXTDETECTED
frame_0587_plate.jpg,NOTEXTDETECTED
frame_0588_plate.jpg,NOTEXTDETECTED
frame_0589_plate.jpg,NOTEXTDETECTED
frame_0590_plate.jpg,NOTEXTDETECTED
frame_0591_plate.jpg,NOTEXTDETECTED
frame_0592_plate.jpg,NOTEXTDETECTED
frame_0593_plate.jpg,NOTEXTDETECTED
frame_0594_plate.jpg,NOTEXTDETECTED
frame_0595_plate.jpg,AKEADNV
frame_0596_plate.jpg,NOTEXTDETECTED
frame_0597_plate.jpg,NOTEXTDETECTED
frame_0598_plate.jpg,NOTEXTDETECTED
frame_0599_plate.jpg,NOTEXTDETECTED
frame_0600_plate.jpg,NOTEXTDETECTED
frame_0601_plate.jpg,NOTEXTDETECTED
frame_0602_plate.jpg,NOTEXTDETECTED
frame_0603_plate.jpg,NOTEXTDETECTED
frame_0604_plate.jpg,NOTEXTDETECTED
frame_0605_plate.jpg,NOTEXTDETECTED
frame_0606_plate.jpg,NOTEXTDETECTED
frame_0607_plate.jpg,NOTEXTDETECTED
frame_0608_plate.jpg,NOTEXTDETECTED
frame_0609_plate.jpg,NOTEXTDETECTED
frame_0610_plate.jpg,NOTEXTDETECTED
frame_0611_plate.jpg,NOTEXTDETECTED
frame_0612_plate.jpg,NOTEXTDETECTED
frame_0613_plate.jpg,NOTEXTDETECTED
frame_0614_plate.jpg,NOTEXTDETECTED
frame_0615_plate.jpg,NOTEXTDETECTED
frame_0616_plate.jpg,NOTEXTDETECTED
frame_0617_plate.jpg,NOTEXTDETECTED
frame_0618_plate.jpg,NOTEXTDETECTED
frame_0619_plate.jpg,NOTEXTDETECTED
frame_0620_plate.jpg,EFLDDZ
frame_0621_plate.jpg,NOTEXTDETECTED
frame_0622_plate.jpg,NOTEXTDETECTED
frame_0623_plate.jpg,NOTEXTDETECTED
frame_0624_plate.jpg,NOTEXTDETECTED
frame_0625_plate.jpg,NOTEXTDETECTED
frame_0626_plate.jpg,NOTEXTDETECTED
frame_0627_plate.jpg,NOTEXTDETECTED
frame_0628_plate.jpg,NOTEXTDETECTED
frame_0629_plate.jpg,NOTEXTDETECTED
frame_0630_plate.jpg,GJOGE
frame_0631_plate.jpg,NOTEXTDETECTED
frame_0632_plate.jpg,GN
frame_0633_plate.jpg,MCRER
frame_0634_plate.jpg,GOEEN
frame_0635_plate.jpg,LJOTD
frame_0636_plate.jpg,GELNI
frame_0637_plate.jpg,QUSEEI
frame_0638_plate.jpg,DA
frame_0639_plate.jpg,LJOCOC
frame_0640_plate.jpg,DCD
frame_0641_plate.jpg,HHAL
frame_0642_plate.jpg,NOTEXTDETECTED
frame_0643_plate.jpg,TA
frame_0644_plate.jpg,QJSE
frame_0645_plate.jpg,NOTEXTDETECTED
frame_0646_plate.jpg,CJNAD
frame_0647_plate.jpg,LAQD
frame_0648_plate.jpg,JOSDD
frame_0649_plate.jpg,DAL
frame_0650_plate.jpg,GJOS
frame_0651_plate.jpg,GOAOD
frame_0652_plate.jpg,GJOSEP
frame_0653_plate.jpg,GDICAD
frame_0654_plate.jpg,NOTEXTDETECTED
frame_0655_plate.jpg,NOTEXTDETECTED
frame_0656_plate.jpg,GUTD
frame_0657_plate.jpg,DUDD
frame_0658_plate.jpg,GHIL
frame_0659_plate.jpg,LAF65JKV
frame_0660_plate.jpg,DH
frame_0661_plate.jpg,CJOEN
frame_0662_plate.jpg,DHH
frame_0663_plate.jpg,MHH
frame_0664_plate.jpg,MH
frame_0665_plate.jpg,TUTD
frame_0666_plate.jpg,DTD
frame_0667_plate.jpg,GJOGEPN
frame_0668_plate.jpg,MD
frame_0669_plate.jpg,GJ060
frame_0670_plate.jpg,HH
frame_0671_plate.jpg,HHT
frame_0672_plate.jpg,GUODEW
frame_0673_plate.jpg,IB5K
frame_0674_plate.jpg,NOTEXTDETECTED
frame_0675_plate.jpg,DT
frame_0676_plate.jpg,GJDGKKE
frame_0677_plate.jpg,DT
frame_0678_plate.jpg,HHHD
frame_0679_plate.jpg,DDD
frame_0680_plate.jpg,DAD
frame_0681_plate.jpg,GJOSLND
frame_0682_plate.jpg,GODEED
frame_0683_plate.jpg,DTD
frame_0684_plate.jpg,N
frame_0685_plate.jpg,6JDBEED
frame_0686_plate.jpg,CJOUEPD
frame_0687_plate.jpg,GJOTED
frame_0688_plate.jpg,GHCD
frame_0689_plate.jpg,GJOGEPD
frame_0690_plate.jpg,DD
frame_0691_plate.jpg,MTD
frame_0692_plate.jpg,NOTEXTDETECTED
frame_0693_plate.jpg,GJOSTE
frame_0694_plate.jpg,DNITD
frame_0695_plate.jpg,QJOGEPD
frame_0696_plate.jpg,DPDID
frame_0697_plate.jpg,DPTTD
frame_0698_plate.jpg,OD
frame_0699_plate.jpg,6JOBEFD
frame_0700_plate.jpg,D
frame_0701_plate.jpg,DPD
frame_0702_plate.jpg,DJOGEPD
frame_0703_plate.jpg,DD
frame_0704_plate.jpg,6JOSE2D
frame_0705_plate.jpg,GJOGEND
frame_0706_plate.jpg,GJOBEPD
frame_0707_plate.jpg,NOTEXTDETECTED
frame_0708_plate.jpg,NOTEXTDETECTED
frame_0709_plate.jpg,NOTEXTDETECTED
frame_0710_plate.jpg,NOTEXTDETECTED
frame_0711_plate.jpg,NOTEXTDETECTED
frame_0712_plate.jpg,NOTEXTDETECTED
frame_0713_plate.jpg,NOTEXTDETECTED
frame_0714_plate.jpg,NOTEXTDETECTED
frame_0715_plate.jpg,NOTEXTDETECTED
frame_0716_plate.jpg,NOTEXTDETECTED
frame_0717_plate.jpg,NOTEXTDETECTED
frame_0718_plate.jpg,NOTEXTDETECTED
frame_0719_plate.jpg,NOTEXTDETECTED
frame_0720_plate.jpg,NOTEXTDETECTED
frame_0721_plate.jpg,NOTEXTDETECTED
frame_0722_plate.jpg,NOTEXTDETECTED
frame_0723_plate.jpg,NOTEXTDETECTED
frame_0724_plate.jpg,NOTEXTDETECTED
frame_0725_plate.jpg,NOTEXTDETECTED
frame_0726_plate.jpg,MSZ
frame_0727_plate.jpg,NOTEXTDETECTED
